{
  "plot": "You are exploring a world. Almost every scene is normal, but if the hero explores enough of the normal parts (eg more than 10 scenes), they will slowly start to uncover the mysterious parts. Most of the tone is simply setting a beautiful and uplifting landscape filled with wonder.",
  "scenes": {
    "start": {
      "text": "You are standing at the end of a road before a small brick building. A small stream flows out of the building and down a gully to the south. A road runs up a small hill to the west.",
      "scene_summary": "Start of the story. Standing infront of a brick building.",
      "choices": [
        {
          "text": "Take the road up the hill",
          "scene_key": "overlooking_valley"
        },
        {
          "text": "Walk up to the stream",
          "scene_key": "next_to_gully"
        },
        {
          "text": "Knock on the door",
          "scene_key": "knocking_on_small_brick_building"
        }
      ]
    },
    "knocking_on_small_brick_building": {
      "text": "You knock on the door of the small brick building, but no one answers. You hear a faint sound of a dog barking from inside.",
      "scene_summary": "Nobody answers.",
      "choices": [
        {
          "text": "Go back to the start",
          "scene_key": "start"
        }
      ]
    },
    "overlooking_valley": {
      "text": "As you walk up the hill, the landscape opens up before you. You can see a vast valley with lush greenery and winding rivers below. The sun is setting in the distance, casting a warm glow over the scene.",
      "scene_summary": "Exploring the valley overlook.",
      "choices": [
        {
          "text": "Descend into the valley",
          "scene_key": "descend_into_valley"
        },
        {
          "text": "Continue exploring the hilltop",
          "scene_key": "exploring_hilltop"
        },
        {
          "text": "Follow the path towards the village in the distance",
          "scene_key": "towards_village"
        },
        {
          "text": "Return to the small brick building",
          "scene_key": "return_to_brick_building"
        }
      ]
    },
    "exploring_hilltop": {
      "text": "As you continue exploring the hilltop, you come across a small clearing filled with colorful wildflowers. The sun is starting to set in the distance, casting a warm golden glow over the landscape.",
      "scene_summary": "Exploring the hilltop and discovering a beautiful clearing with wildflowers.",
      "choices": [
        {
          "text": "Sit and watch the sunset",
          "scene_key": "watching_sunset"
        },
        {
          "text": "Continue walking along the hilltop",
          "scene_key": "continue_exploring_hilltop"
        },
        {
          "text": "Head back down the hill towards the small brick building",
          "scene_key": "return_to_small_brick_building"
        }
      ]
    },
    "watching_sunset": {
      "text": "As you sit and watch the sunset, the sky transforms into a breathtaking display of colors. The sun slowly dips below the horizon, casting long shadows across the hilltop. You feel a sense of peace and tranquility wash over you in this serene moment.",
      "scene_summary": "Enjoying a beautiful sunset on the hilltop",
      "choices": [
        {
          "text": "Explore the clearing with wildflowers",
          "scene_key": "wildflower_clearing"
        },
        {
          "text": "Head back down the hill towards the small brick building",
          "scene_key": "back_to_brick_building"
        }
      ]
    },
    "wildflower_clearing": {
      "text": "As you wander through the clearing with wildflowers, you notice a small path leading into the woods. The trees are dense and the air is cool and damp. You can hear the sound of birds chirping and leaves rustling in the gentle breeze.",
      "scene_summary": "Exploring the woods after discovering the beautiful clearing with wildflowers.",
      "choices": [
        {
          "text": "Follow the path into the woods",
          "scene_key": "lost_in_the_woods"
        },
        {
          "text": "Head back to the hilltop",
          "scene_key": "exploring_hilltop"
        }
      ]
    },
    "lost_in_the_woods": {
      "text": "As you follow the path into the woods, you notice that the trees seem to grow closer together, creating a canopy overhead. The air feels cooler here, and the sounds of birds chirping in the distance fill your ears.",
      "scene_summary": "Entering a dense forest with a canopy overhead.",
      "choices": [
        {
          "text": "Keep following the path deeper into the woods",
          "scene_key": "deep_in_the_forest"
        },
        {
          "text": "Turn back and head towards the hilltop",
          "scene_key": "exploring_hilltop"
        },
        {
          "text": "Look for any signs of civilization nearby",
          "scene_key": "searching_for_civilization"
        }
      ]
    },
    "continue_exploring_hilltop": {
      "text": "As you continue walking along the hilltop, you notice a faint shimmering light in the distance. Curious, you decide to head towards it. The light seems to be coming from a small clearing surrounded by tall trees. As you step into the clearing, you feel a strange sense of peace wash over you, and you realize that this place is unlike any other you have come across so far.",
      "scene_summary": "Exploring a mysterious clearing in the forest",
      "choices": [
        {
          "text": "Investigate the source of the shimmering light",
          "scene_key": "shimmering_light_source"
        },
        {
          "text": "Sit and meditate in the clearing",
          "scene_key": "meditating_in_clearing"
        },
        {
          "text": "Head back to the hilltop",
          "scene_key": "back_to_hilltop"
        }
      ]
    },
    "shimmering_light_source": {
      "text": "As you approach the source of the shimmering light, you stumble upon a hidden cave entrance obscured by vines and moss. The light seems to be emanating from within. Curiosity consumes you as you consider entering the dark passageway.",
      "scene_summary": "Discovering a hidden cave entrance with mysterious light",
      "choices": [
        {
          "text": "Enter the cave",
          "scene_key": "exploring_hidden_cave"
        },
        {
          "text": "Turn back and explore more of the hilltop",
          "scene_key": "continue_exploring_hilltop"
        },
        {
          "text": "Return to the small brick building",
          "scene_key": "return_to_small_brick_building"
        }
      ]
    },
    "back_to_hilltop": {
      "text": "As you head back to the hilltop, you notice the sun starting to set in the distance, casting a warm glow over the landscape. The trees sway gently in the evening breeze, and the air is filled with the sound of chirping birds. You feel a sense of peace and tranquility wash over you as you take in the beautiful scenery.",
      "scene_summary": "Heading back to the hilltop at sunset.",
      "choices": [
        {
          "text": "Sit and watch the sunset",
          "scene_key": "watching_sunset"
        },
        {
          "text": "Continue exploring the hilltop",
          "scene_key": "continue_exploring_hilltop"
        },
        {
          "text": "Head back down the hill towards the small brick building",
          "scene_key": "return_to_small_brick_building"
        }
      ]
    },
    "exploring_hidden_cave": {
      "text": "As you step into the cave, you are enveloped in darkness. The only source of light comes from the mysterious glowing crystals embedded in the walls. The air is cool and damp, with a faint echoing sound that reverberates through the tunnel. You feel a sense of unease, but also a curious excitement as you venture deeper into the unknown.",
      "scene_summary": "Exploring the depths of the mysterious cave with glowing crystals.",
      "choices": [
        {
          "text": "Proceed further into the cave",
          "scene_key": "deeper_into_cave"
        },
        {
          "text": "Turn back and explore another part of the hilltop",
          "scene_key": "continue_exploring_hilltop"
        }
      ]
    },
    "deeper_into_cave": {
      "text": "As you proceed further into the cave, the air becomes colder and a sense of unease creeps over you. The glow from the crystals becomes more intense, casting eerie shadows on the walls. You hear a faint whispering sound echoing through the tunnels.",
      "scene_summary": "Exploring deeper into the mysterious cave with glowing crystals.",
      "choices": [
        {
          "text": "Follow the sound of the whispering",
          "scene_key": "following_whispering"
        },
        {
          "text": "Turn back and exit the cave",
          "scene_key": "exit_cave"
        }
      ]
    },
    "following_whispering": {
      "text": "You follow the faint sound of whispering deeper into the cave. As you walk further, the whispers grow louder and more urgent. You start to feel a sense of unease creeping up your spine. The tunnel ahead seems to twist and turn endlessly, as if leading you deeper into the unknown.",
      "scene_summary": "Following the sound of whispering deeper into the mysterious cave.",
      "choices": [
        {
          "text": "Turn back and exit the cave",
          "scene_key": "exit_cave"
        },
        {
          "text": "Press on and follow the whispers",
          "scene_key": "following_whispers_deeper"
        }
      ]
    },
    "following_whispers_deeper": {
      "text": "As you press on and follow the whispers deeper into the cave, the sound grows louder and clearer. You eventually reach a large chamber filled with strange glowing crystals that illuminate the space with an eerie light. In the center of the chamber, you see a figure cloaked in shadows, their voice beckoning you closer.",
      "scene_summary": "Exploring a mysterious chamber deep within the cave filled with glowing crystals and a mysterious figure.",
      "choices": [
        {
          "text": "Approach the figure",
          "scene_key": "approaching_mysterious_figure"
        },
        {
          "text": "Stay back and observe",
          "scene_key": "observing_mysterious_figure"
        },
        {
          "text": "Turn around and leave the cave",
          "scene_key": "leaving_the_cave"
        }
      ]
    },
    "observing_mysterious_figure": {
      "text": "As you stand back and observe, you notice the mysterious figure in the chamber is cloaked in shadows, with only their glowing eyes visible. They seem to be chanting softly, their voice echoing off the walls of the cavern. You can feel a chill run down your spine as you realize that you may have stumbled upon something far more mysterious and dangerous than you initially thought.",
      "scene_summary": "Observing the mysterious figure in the chamber deep within the cave.",
      "choices": [
        {
          "text": "Approach the figure and try to communicate",
          "scene_key": "approach_mysterious_figure"
        },
        {
          "text": "Sneak back out of the cave and return to the surface",
          "scene_key": "sneak_out_of_cave"
        }
      ]
    },
    "approach_mysterious_figure": {
      "text": "As you cautiously approach the mysterious figure, you notice that it is a cloaked figure with a hood obscuring their face. The figure turns towards you slowly, and you can feel a sense of unease creeping up on you. They extend a hand towards you, beckoning you closer.",
      "scene_summary": "Approaching the mysterious cloaked figure deep within the cave.",
      "choices": [
        {
          "text": "Take their hand and communicate with them",
          "scene_key": "communicating_with_cloaked_figure"
        },
        {
          "text": "Turn around and leave the cave",
          "scene_key": "leaving_the_cave"
        }
      ]
    },
    "communicating_with_cloaked_figure": {
      "text": "The cloaked figure slowly turns towards you, their eyes glowing with an otherworldly light. They reach out a hand towards you, a silent invitation to communicate.",
      "scene_summary": "Approaching the mysterious cloaked figure deep within the cave.",
      "choices": [
        {
          "text": "Take their hand and communicate with them",
          "scene_key": "communicating_with_mysterious_figure"
        },
        {
          "text": "Step back cautiously and observe",
          "scene_key": "observing_mysterious_figure_reaction"
        },
        {
          "text": "Try to run away from the figure",
          "scene_key": "running_away_from_figure"
        }
      ]
    },
    "communicating_with_mysterious_figure": {
      "text": "As you take the mysterious cloaked figure's hand, a surge of energy rushes through you. Images flash before your eyes, revealing a hidden past and a destiny intertwined with the figure before you. The figure smiles gently and speaks softly, revealing cryptic messages about the world you are exploring.",
      "scene_summary": "Communicating with the mysterious cloaked figure deep within the cave.",
      "choices": [
        {
          "text": "Ask for more information",
          "scene_key": "asking_for_information"
        },
        {
          "text": "Try to understand the messages",
          "scene_key": "understanding_messages"
        },
        {
          "text": "Let go of their hand and back away",
          "scene_key": "backing_away"
        }
      ]
    },
    "understanding_messages": {
      "text": "As you approach the mysterious cloaked figure deep within the cave, you feel a sense of unease wash over you. The figure's hand reaches out towards you, and you can sense a powerful energy emanating from them. They seem to be trying to communicate with you, but their message is unclear. What do you do next?",
      "scene_summary": "Approaching the mysterious cloaked figure deep within the cave.",
      "choices": [
        {
          "text": "Listen closely and try to understand the message",
          "scene_key": "understanding_the_message"
        },
        {
          "text": "Step back and observe from a distance",
          "scene_key": "observing_cloaked_figure"
        },
        {
          "text": "Reach out and touch the figure's hand",
          "scene_key": "touching_cloaked_figure"
        }
      ]
    },
    "understanding_the_message": {
      "text": "As you listen closely to the whispers, you begin to understand the message that the mysterious figure is trying to convey. They speak of a long-forgotten prophecy that foretells of a great danger looming over the world. The figure implores you to seek out the source of this danger and stop it before it's too late. What do you do next?",
      "scene_summary": "Listening to the mysterious figure's message about a looming danger.",
      "choices": [
        {
          "text": "Agree to help and seek out the source of the danger",
          "scene_key": "seeking_out_source_of_danger"
        },
        {
          "text": "Doubt the figure's words and leave the cave",
          "scene_key": "leaving_the_cave"
        },
        {
          "text": "Ask for more information about the prophecy",
          "scene_key": "asking_about_prophecy"
        }
      ]
    },
    "asking_about_prophecy": {
      "text": "The cloaked figure hesitates for a moment, their eyes shimmering with ancient wisdom. They lean in close and whisper cryptic words about a looming danger that threatens the balance of the world. You feel a chill run down your spine as they warn of a dark force that is growing stronger by the day. The figure urges you to seek out the source of this threat and stop it before it's too late.",
      "scene_summary": "Receiving a warning from the mysterious cloaked figure about a looming danger",
      "choices": [
        {
          "text": "Ask for more information about the prophecy",
          "scene_key": "ask_for_more_information"
        },
        {
          "text": "Thank the figure and prepare to leave the cave",
          "scene_key": "prepare_to_leave_cave"
        }
      ]
    },
    "ask_for_more_information": {
      "text": "The mysterious cloaked figure hesitates for a moment before whispering, 'Beware of the shadow that lurks in the depths. It seeks to consume all light and plunge the world into eternal darkness.' You feel a shiver run down your spine as the figure's words sink in.",
      "scene_summary": "Receiving a warning about a looming danger from the mysterious cloaked figure.",
      "choices": [
        {
          "text": "Inquire further about the shadow",
          "scene_key": "inquiring_about_shadow"
        },
        {
          "text": "Ask how to stop the shadow",
          "scene_key": "stopping_the_shadow"
        },
        {
          "text": "Thank the figure and leave the cave",
          "scene_key": "grateful_and_departing"
        }
      ]
    },
    "grateful_and_departing": {
      "text": "As you thank the mysterious figure and turn to leave the cave, you notice a glint of light coming from a corner of the chamber. Curious, you walk over to investigate and find a small, ornate box hidden behind some rocks. The box is covered in intricate carvings and seems to emit a faint humming sound.",
      "scene_summary": "Discovering a hidden box in the cave chamber.",
      "choices": [
        {
          "text": "Open the box and see what's inside",
          "scene_key": "opening_the_box"
        },
        {
          "text": "Leave the box undisturbed and exit the cave",
          "scene_key": "leaving_the_cave"
        }
      ]
    },
    "opening_the_box": {
      "text": "You carefully open the box and find a glowing crystal orb inside. As you pick it up, you feel a surge of energy coursing through your body. The orb seems to pulsate with a mysterious power, and you can't help but feel drawn to it.",
      "scene_summary": "Discovering a glowing crystal orb inside a hidden box in the cave chamber.",
      "choices": [
        {
          "text": "Hold onto the orb and investigate further",
          "scene_key": "investigating_crystal_orb"
        },
        {
          "text": "Put the orb back in the box and leave the cave",
          "scene_key": "putting_orb_back_and_leaving"
        }
      ]
    },
    "investigating_crystal_orb": {
      "text": "As you hold onto the orb, you feel a surge of energy coursing through your body. The orb emits a soft, pulsating glow and you can sense a mysterious power emanating from within it. You hear a faint whisper in your mind, urging you to delve deeper into the secrets it holds. What do you do next?",
      "scene_summary": "Discovering a mysterious glowing orb in the hidden box within the cave chamber.",
      "choices": [
        {
          "text": "Focus and try to understand the power of the orb",
          "scene_key": "understanding_power_of_orb"
        },
        {
          "text": "Put the orb back in the box and leave the cave",
          "scene_key": "putting_back_and_leaving"
        },
        {
          "text": "Attempt to communicate with the orb",
          "scene_key": "communicating_with_orb"
        }
      ]
    },
    "putting_back_and_leaving": {
      "text": "As you leave the cave, you find yourself back at the hilltop overlooking the valley. The sun is beginning to set, casting a warm glow over the landscape. You feel a sense of calm wash over you as you take in the beauty of the scene.",
      "scene_summary": "Returning to the hilltop overlooking the valley at sunset.",
      "choices": [
        {
          "text": "Sit and watch the sunset",
          "scene_key": "watching_sunset"
        },
        {
          "text": "Head back down the hill",
          "scene_key": "heading_down_hill"
        },
        {
          "text": "Explore the surrounding forest",
          "scene_key": "exploring_forest"
        }
      ]
    },
    "meditating_in_clearing": {
      "text": "As you sit and meditate in the clearing, you feel a sense of peace wash over you. The gentle rustling of leaves and chirping of birds create a tranquil atmosphere. Suddenly, you hear a faint hum coming from a nearby tree. Curious, you approach the tree and notice a glowing symbol carved into its bark.",
      "scene_summary": "Meditating in the clearing and discovering a mysterious symbol on a tree.",
      "choices": [
        {
          "text": "Inspect the symbol closely",
          "scene_key": "inspecting_symbol"
        },
        {
          "text": "Continue meditating and ignore the symbol",
          "scene_key": "continue_meditating"
        },
        {
          "text": "Touch the symbol and see what happens",
          "scene_key": "touching_symbol"
        }
      ]
    },
    "inspecting_symbol": {
      "text": "As you inspect the symbol closely, you notice that it seems to be glowing faintly. The lines of the symbol twist and turn in intricate patterns, almost like a language you can't quite understand. Suddenly, a soft hum fills the clearing, growing louder with each passing second. The ground beneath you begins to vibrate as if responding to the symbol's energy. What do you do?",
      "scene_summary": "Inspecting a mysterious glowing symbol in the clearing.",
      "choices": [
        {
          "text": "Touch the symbol and see what happens",
          "scene_key": "touching_glowing_symbol"
        },
        {
          "text": "Step back and observe from a distance",
          "scene_key": "observing_glowing_symbol"
        },
        {
          "text": "Try to decipher the symbol's meaning",
          "scene_key": "deciphering_glowing_symbol"
        }
      ]
    },
    "deciphering_glowing_symbol": {
      "text": "As you carefully inspect the mysterious glowing symbol on the tree, you notice that it starts to shimmer and glow even brighter. The air around you feels charged with energy, and a faint whispering sound fills your ears. Suddenly, the symbol begins to shift and change, morphing into a series of intricate patterns that seem to dance and swirl before your eyes. You feel a strange sense of connection to the symbol, as if it is trying to communicate something to you.",
      "scene_summary": "Discovering a mysterious symbol in the clearing and sensing a powerful energy shift.",
      "choices": [
        {
          "text": "Attempt to communicate with the symbol",
          "scene_key": "communicating_with_mysterious_symbol"
        },
        {
          "text": "Step back and observe the changes",
          "scene_key": "observing_symbol_changes"
        },
        {
          "text": "Touch the symbol and see what happens",
          "scene_key": "touching_mysterious_symbol"
        }
      ]
    },
    "communicating_with_mysterious_symbol": {
      "text": "As you attempt to communicate with the symbol, you feel a sudden surge of energy coursing through your body. The symbol begins to glow brighter and brighter, illuminating the entire clearing. A portal slowly materializes in front of you, swirling with mysterious colors and flickering with unknown sounds. What do you do?",
      "scene_summary": "Discovering a mysterious portal in the clearing",
      "choices": [
        {
          "text": "Step through the portal",
          "scene_key": "entering_portal"
        },
        {
          "text": "Stay and observe the portal",
          "scene_key": "observing_portal"
        },
        {
          "text": "Try to close the portal",
          "scene_key": "closing_portal"
        }
      ]
    },
    "closing_portal": {
      "text": "As you attempt to close the portal, a surge of energy washes over you, pulling you into the unknown. You find yourself in a strange realm unlike anything you've ever seen before. The sky is a swirling mix of colors and the ground beneath your feet feels like it's made of shifting sand. You sense a presence watching you from the shadows. What will you do?",
      "scene_summary": "Entering a mysterious realm through a portal in the clearing.",
      "choices": [
        {
          "text": "Approach the presence in the shadows",
          "scene_key": "approaching_shadowy_figure"
        },
        {
          "text": "Try to find a way back through the portal",
          "scene_key": "finding_portal_exit"
        },
        {
          "text": "Explore this strange realm further",
          "scene_key": "exploring_mysterious_realm"
        }
      ]
    },
    "exploring_mysterious_realm": {
      "text": "As you step through the portal, you find yourself in a strange realm unlike anything you've ever seen before. The air crackles with energy, and the landscape shimmers with an otherworldly light. You see fantastical creatures darting in the distance, and curious plants that glow with their own inner light. A sense of both awe and danger fills you as you realize you are truly in a place unlike any other.",
      "scene_summary": "Entering a mysterious realm through a portal in the clearing.",
      "choices": [
        {
          "text": "Explore this strange realm further",
          "scene_key": "exploring_strange_realm"
        },
        {
          "text": "Try to find a way back through the portal",
          "scene_key": "finding_way_back"
        },
        {
          "text": "Interact with the fantastical creatures",
          "scene_key": "interacting_with_creatures"
        }
      ]
    },
    "interacting_with_creatures": {
      "text": "As you journey deeper into the strange realm through the portal, you come across fantastical creatures unlike anything you've ever seen before. They are colorful and radiant, moving gracefully through the shimmering landscape. One of them approaches you curiously, its eyes sparkling with intelligence.",
      "scene_summary": "Exploring the strange realm with fantastical creatures.",
      "choices": [
        {
          "text": "Interact with the creature",
          "scene_key": "interacting_with_fantastical_creature"
        },
        {
          "text": "Observe from a distance",
          "scene_key": "observing_fantastical_creatures"
        },
        {
          "text": "Try to communicate with them using gestures",
          "scene_key": "communicating_with_gestures"
        }
      ]
    },
    "interacting_with_fantastical_creature": {
      "text": "The creature turns and looks at you with its large, curious eyes. It approaches you slowly, its movements graceful and almost hypnotic. You can sense a deep intelligence in its gaze as it reaches out a hand towards you.",
      "scene_summary": "Interacting with the fantastical creature in the strange realm.",
      "choices": [
        {
          "text": "Reach out and take its hand",
          "scene_key": "taking_creatures_hand"
        },
        {
          "text": "Back away slowly",
          "scene_key": "backing_away_from_creature"
        },
        {
          "text": "Try to communicate with gestures",
          "scene_key": "communicating_through_gestures"
        }
      ]
    },
    "communicating_through_gestures": {
      "text": "The fantastical creature seems to understand your gestures and responds in kind, leading you deeper into the strange realm. You follow the creature through twisting paths lined with glowing plants and strange rock formations.",
      "scene_summary": "Interacting with the fantastical creature in the strange realm.",
      "choices": [
        {
          "text": "Continue following the creature",
          "scene_key": "following_fantastical_creature"
        },
        {
          "text": "Attempt to communicate verbally with the creature",
          "scene_key": "attempting_verbal_communication"
        },
        {
          "text": "Take a moment to observe the surroundings",
          "scene_key": "observing_strange_realm_surroundings"
        }
      ]
    },
    "next_to_gully": {
      "text": "As you walk up to the stream, you notice a shimmering light coming from beneath the water. Curious, you bend down to get a closer look.",
      "scene_summary": "Exploring the stream and discovering a mysterious light.",
      "choices": [
        {
          "text": "Reach into the water to investigate the light",
          "scene_key": "mysterious_light"
        },
        {
          "text": "Follow the stream further downstream",
          "scene_key": "following_stream"
        },
        {
          "text": "Return to the small brick building",
          "scene_key": "return_to_building"
        }
      ]
    },
    "following_stream": {
      "text": "As you follow the stream further downstream, you come across a hidden cave entrance partially covered by overgrown vines. The sound of rushing water echoes from within the cavern.",
      "scene_summary": "Exploring the stream further downstream and discovering a hidden cave entrance.",
      "choices": [
        {
          "text": "Enter the cave",
          "scene_key": "exploring_hidden_cave"
        },
        {
          "text": "Continue following the stream",
          "scene_key": "continuing_downstream"
        },
        {
          "text": "Head back to the small brick building",
          "scene_key": "back_to_small_brick_building"
        }
      ]
    },
    "continuing_downstream": {
      "text": "As you continue following the stream, you notice the surroundings becoming darker and more mysterious. The sound of rushing water grows louder and you catch a glimpse of something shiny up ahead.",
      "scene_summary": "The stream leads to a dark and mysterious path",
      "choices": [
        {
          "text": "Investigate the shiny object",
          "scene_key": "shiny_object"
        },
        {
          "text": "Turn back and explore another path",
          "scene_key": "exploring_alternate_path"
        },
        {
          "text": "Brave the darkness and continue forward",
          "scene_key": "entering_dark_cave"
        }
      ]
    },
    "entering_dark_cave": {
      "text": "As you brave the darkness and continue forward, the path becomes increasingly narrow and the air grows chilly. Strange whispers fill the air, making your skin crawl. Suddenly, you come upon a clearing with a large, ominous-looking door standing in front of you.",
      "scene_summary": "Venturing deeper into the mysterious path, encountering strange whispers and an ominous door.",
      "choices": [
        {
          "text": "Open the door and step inside",
          "scene_key": "inside_the_mysterious_room"
        },
        {
          "text": "Turn back and retrace your steps",
          "scene_key": "retreating_from_darkness"
        },
        {
          "text": "Investigate the area around the door",
          "scene_key": "exploring_ominous_clearing"
        }
      ]
    },
    "inside_the_mysterious_room": {
      "text": "As you step inside the door, you find yourself in a dimly lit room filled with ancient artifacts and strange symbols carved into the walls. The air feels heavy with unknown energy, and a sense of unease washes over you. In the center of the room, you see a shimmering portal swirling with colors you've never seen before.",
      "scene_summary": "Exploring a mysterious room filled with ancient artifacts and a strange portal.",
      "choices": [
        {
          "text": "Approach the portal and step through",
          "scene_key": "stepping_through_portal"
        },
        {
          "text": "Examine the artifacts and symbols in the room",
          "scene_key": "examining_artifacts"
        },
        {
          "text": "Leave the room and continue exploring",
          "scene_key": "continue_exploring"
        }
      ]
    },
    "examining_artifacts": {
      "text": "As you examine the artifacts in the room, you start to notice a pattern in the symbols carved into them. They seem to be pointing towards a specific direction. Following your curiosity, you decide to follow the symbols deeper into the room.",
      "scene_summary": "Discovering a pattern in the symbols on the artifacts and following them deeper into the mysterious room.",
      "choices": [
        {
          "text": "Continue following the symbols",
          "scene_key": "following_symbol_path"
        },
        {
          "text": "Investigate the portal further",
          "scene_key": "investigating_portal"
        },
        {
          "text": "Try to decipher the meaning of the symbols",
          "scene_key": "deciphering_symbols"
        }
      ]
    },
    "following_symbol_path": {
      "text": "As you follow the symbols deeper into the mysterious room, you come across a hidden passageway obscured by a tapestry. The symbols on the tapestry match those on the artifacts, confirming that you are on the right path. Do you dare to venture further into the hidden passageway?",
      "scene_summary": "Discovering a hidden passageway in the mysterious room",
      "choices": [
        {
          "text": "Enter the hidden passageway",
          "scene_key": "exploring_hidden_passageway"
        },
        {
          "text": "Examine the tapestry further",
          "scene_key": "examining_tapestry"
        },
        {
          "text": "Retrace your steps and leave the room",
          "scene_key": "leaving_mysterious_room"
        }
      ]
    },
    "mysterious_light": {
      "text": "As you reach into the water to investigate the mysterious light, you feel a sudden jolt of electricity run through your arm. Startled, you quickly pull your hand back and see a strange symbol glowing on your skin. The symbol seems familiar, but you can't quite place where you've seen it before. The light fades away, leaving you with more questions than answers.",
      "scene_summary": "Uncovering a mysterious symbol in the stream",
      "choices": [
        {
          "text": "Try to remember where you've seen the symbol before",
          "scene_key": "remembering_the_symbol"
        },
        {
          "text": "Continue exploring the stream",
          "scene_key": "further_exploration_of_stream"
        },
        {
          "text": "Head back to the small brick building",
          "scene_key": "returning_to_brick_building"
        }
      ]
    },
    "further_exploration_of_stream": {
      "text": "As you continue to follow the stream, you come across a clearing in the woods. In the center of the clearing, you see a circle of stones with ancient symbols carved into them. The air around the stones feels charged with energy, and you can't help but feel a sense of awe and curiosity.",
      "scene_summary": "Discovering a mysterious clearing with ancient stones and symbols",
      "choices": [
        {
          "text": "Approach the stones and examine the symbols",
          "scene_key": "examining_ancient_symbols"
        },
        {
          "text": "Leave the clearing and continue exploring the stream",
          "scene_key": "continue_exploring_stream"
        }
      ]
    },
    "examining_ancient_symbols": {
      "text": "As you approach the ancient stones, you notice intricate symbols carved into each one. The symbols seem to pulsate with a faint light, drawing you in closer. The air around you feels charged with energy, and a sense of unease washes over you. What do you do next?",
      "scene_summary": "Exploring the mysterious clearing with ancient stones and symbols",
      "choices": [
        {
          "text": "Touch one of the stones",
          "scene_key": "touching_stone"
        },
        {
          "text": "Attempt to decipher the symbols",
          "scene_key": "deciphering_symbols"
        },
        {
          "text": "Take a step back and observe from a distance",
          "scene_key": "observing_stones"
        }
      ]
    },
    "observing_stones": {
      "text": "As you take a step back and observe the ancient stones and symbols from a distance, you notice that the symbols seem to be glowing faintly in the dim light. The air around you feels charged with an otherworldly energy, and a sense of unease washes over you. You can't help but feel like you are being watched, though there is no one else in sight. What will you do next?",
      "scene_summary": "Feeling a sense of unease while observing the mysterious ancient stones and symbols from a distance",
      "choices": [
        {
          "text": "Approach the stones once more and touch one of the symbols",
          "scene_key": "touching_ancient_symbol"
        },
        {
          "text": "Leave the clearing and continue exploring the world",
          "scene_key": "continue_exploring_world"
        },
        {
          "text": "Stay in the clearing and observe the symbols for a while longer",
          "scene_key": "observing_ancient_symbols"
        }
      ]
    },
    "towards_village": {
      "text": "As you follow the path towards the village in the distance, you begin to notice that the surroundings are slowly changing. The trees seem to be taller and are covered in beautiful lanters. You can hear music and laughter coming from the village.",
      "scene_summary": "The hero starts to notice the mysterious changes in the surroundings.",
      "choices": [
        {
          "text": "Continue towards the village",
          "scene_key": "village"
        },
        {
          "text": "Turn back and explore the lantern trees",
          "scene_key": "lantern_trees"
        }
      ]
    },
    "village": {
      "text": "As you continue towards the village, the sun begins to set, casting a warm glow over the landscape. You pass by fields of wildflowers swaying in the gentle breeze, their vibrant colors painting a beautiful picture against the canvas of the sky. In the distance, you can hear the faint sound of music drifting on the wind.",
      "scene_summary": "The hero is mesmerized by the beauty of the landscape as they approach the village.",
      "choices": [
        {
          "text": "Follow the music to its source",
          "scene_key": "mysterious_music"
        },
        {
          "text": "Stop and take in the view of the setting sun",
          "scene_key": "admiring_sunset"
        },
        {
          "text": "Hurry towards the village before it gets dark",
          "scene_key": "rushing_to_village"
        }
      ]
    },
    "mysterious_music": {
      "text": "As you follow the enchanting melody, you come across a group of villagers gathered around a bonfire, dancing and playing instruments. The music fills the air, carrying a sense of joy and unity. You feel drawn to join them in their celebration.",
      "scene_summary": "The hero discovers a festive village gathering filled with music and dance.",
      "choices": [
        {
          "text": "Join the villagers in their dance",
          "scene_key": "joining_village_celebration"
        },
        {
          "text": "Stay on the outskirts and observe",
          "scene_key": "observing_village_celebration"
        },
        {
          "text": "Ask a villager about the music and celebration",
          "scene_key": "inquiring_village_celebration"
        }
      ]
    },
    "joining_village_celebration": {
      "text": "As you join the villagers in their dance, you feel a sense of joy and belonging wash over you. The music lifts your spirits and you find yourself twirling and spinning with the others around a bonfire. The villagers smile and welcome you into their midst, celebrating your presence.",
      "scene_summary": "The hero joins the villagers in a joyous dance around a bonfire.",
      "choices": [
        {
          "text": "Keep dancing with the villagers",
          "scene_key": "keep_dancing"
        },
        {
          "text": "Take a break and explore the village",
          "scene_key": "explore_village"
        },
        {
          "text": "Ask the villagers about the mysterious changes in the surroundings",
          "scene_key": "mysterious_changes"
        }
      ]
    },
    "mysterious_changes": {
      "text": "The villagers look at each other with a knowing smile before one of them steps forward. He explains that the changes in the surroundings are due to the presence of ancient spirits that inhabit the land. These spirits bring about transformations that only those with a pure heart can see and appreciate. Curious, you ask how you can communicate with these spirits.",
      "scene_summary": "The hero learns about the ancient spirits that inhabit the land.",
      "choices": [
        {
          "text": "Offer to help the villagers communicate with the spirits",
          "scene_key": "communicating_with_spirits"
        },
        {
          "text": "Seek out the spirits on your own",
          "scene_key": "seeking_out_spirits"
        },
        {
          "text": "Thank the villagers for their information and continue exploring the village",
          "scene_key": "continue_exploring_village"
        }
      ]
    },
    "continue_exploring_village": {
      "text": "As you thank the villagers for their information, you notice a faint glimmer coming from the edge of the village. Curiosity piqued, you decide to follow the mysterious light.",
      "scene_summary": "The hero follows a mysterious light at the edge of the village.",
      "choices": [
        {
          "text": "Follow the light",
          "scene_key": "following_mysterious_light"
        },
        {
          "text": "Return to the main path and continue exploring the village",
          "scene_key": "guitar_makers_alley"
        }
      ]
    },
    "lantern_trees": {
      "text": "As you turn back from the village and continue down the path, you come across a grove of lantern trees. The trees are adorned with glowing lanterns of various colors, casting a magical and enchanting glow in the surrounding area. You feel a sense of wonder and curiosity as you approach the trees.",
      "scene_summary": "Exploring the grove of lantern trees, feeling a sense of magic and wonder.",
      "choices": [
        {
          "text": "Reach out and touch one of the lanterns",
          "scene_key": "touching_lantern"
        },
        {
          "text": "Continue down the path",
          "scene_key": "continuing_path"
        },
        {
          "text": "Sit down and enjoy the peaceful atmosphere",
          "scene_key": "enjoying_peaceful_atmosphere"
        }
      ]
    },
    "touching_lantern": {
      "text": "As you reach out and touch one of the lanterns, a soft glow emanates from it, lighting up the surrounding area with a warm, comforting light. You feel a sense of peace and wonder wash over you as you stand among the lantern trees.",
      "scene_summary": "Experiencing the magical glow of the lantern trees",
      "choices": [
        {
          "text": "Continue exploring the lantern grove",
          "scene_key": "continue_exploring_lantern_trees"
        },
        {
          "text": "Follow the glowing path deeper into the forest",
          "scene_key": "glowing_path_into_forest"
        },
        {
          "text": "Retrace your steps and head back towards the small brick building",
          "scene_key": "return_to_brick_building"
        }
      ]
    },
    "return_to_brick_building": {
      "text": "As you make your way back towards the small brick building, you notice a figure standing in the doorway. The figure is cloaked in shadows, but you can sense a mysterious energy emanating from it. Curiosity overtakes you as you approach the figure.",
      "scene_summary": "Encounter with a mysterious figure at the small brick building.",
      "choices": [
        {
          "text": "Introduce yourself and ask who the figure is",
          "scene_key": "meeting_mysterious_figure"
        },
        {
          "text": "Back away slowly and continue exploring the area",
          "scene_key": "continue_exploring"
        }
      ]
    },
    "meeting_mysterious_figure": {
      "text": "As you approach the small brick building once again, the mysterious figure turns towards you with a knowing smile. 'I am the Guardian of this land,' the figure says in a melodic voice. 'I have been watching you, curious explorer. What brings you to this enchanting place?'",
      "scene_summary": "Meeting the Guardian of the land at the small brick building.",
      "choices": [
        {
          "text": "Ask the Guardian about the mysterious changes in the surroundings",
          "scene_key": "ask_about_mysterious_changes"
        },
        {
          "text": "Inquire about the history of the land and the lantern trees",
          "scene_key": "history_of_the_land"
        },
        {
          "text": "Share your own story and adventures so far",
          "scene_key": "share_your_adventures"
        }
      ]
    },
    "history_of_the_land": {
      "text": "The Guardian of the land smiles warmly and gestures for you to follow. As you walk together, they begin to recount the ancient stories of the land and the magic that resides within the lantern trees. Each tale fills you with a sense of wonder and mystery, as you learn about the hidden depths of the world around you.",
      "scene_summary": "Learning the history of the land and the lantern trees from the Guardian.",
      "choices": [
        {
          "text": "Ask about the origins of the Guardian",
          "scene_key": "origins_of_guardian"
        },
        {
          "text": "Inquire about the significance of the small brick building",
          "scene_key": "significance_of_brick_building"
        },
        {
          "text": "Express gratitude for the Guardian's guidance",
          "scene_key": "gratitude_to_guardian"
        }
      ]
    },
    "descend_into_valley": {
      "text": "As you descend into the valley, you notice the lush greenery surrounding you. The sound of birds chirping fills the air, creating a peaceful atmosphere. Butterflies flutter by, adding to the magical ambiance of the valley.",
      "scene_summary": "Exploring the serene valley.",
      "choices": [
        {
          "text": "Continue exploring the valley",
          "scene_key": "serene_forest"
        },
        {
          "text": "Follow the stream deeper into the valley",
          "scene_key": "stream_in_the_valley"
        },
        {
          "text": "Rest by a nearby tree",
          "scene_key": "resting_in_valley"
        }
      ]
    },
    "stream_in_the_valley": {
      "text": "As you follow the stream deeper into the valley, the sound of rushing water and chirping birds fills the air. The sun filters through the canopy of trees, casting dappled light on the forest floor. You come across a clearing with a small waterfall cascading into a crystal clear pool.",
      "scene_summary": "Exploring the serene valley further, discovering a beautiful waterfall and pool.",
      "choices": [
        {
          "text": "Take a dip in the pool",
          "scene_key": "dip_in_pool"
        },
        {
          "text": "Continue following the stream",
          "scene_key": "continue_stream"
        },
        {
          "text": "Rest by the waterfall",
          "scene_key": "rest_by_waterfall"
        }
      ]
    },
    "rest_by_waterfall": {
      "text": "As you rest by the waterfall, you close your eyes and listen to the soothing sounds of the water cascading down. The sun filters through the leaves, creating a dappled pattern on the rocks around you. You feel a sense of peace and contentment wash over you.",
      "scene_summary": "Taking a moment of rest by the waterfall in the serene valley.",
      "choices": [
        {
          "text": "Continue following the stream",
          "scene_key": "continue_stream_in_the_valley"
        },
        {
          "text": "Explore the area around the waterfall",
          "scene_key": "explore_around_waterfall"
        },
        {
          "text": "Head back to the small brick building",
          "scene_key": "back_to_small_brick_building"
        }
      ]
    },
    "continue_stream_in_the_valley": {
      "text": "As you continue to follow the stream deeper into the valley, you come across a lush meadow filled with colorful wildflowers. The sun is filtering through the trees, creating a warm and inviting atmosphere. You can hear the gentle sound of birds chirping and the rustling of leaves in the breeze.",
      "scene_summary": "Exploring the beautiful meadow in the serene valley.",
      "choices": [
        {
          "text": "Sit and enjoy the peaceful meadow",
          "scene_key": "peaceful_meadow"
        },
        {
          "text": "Continue following the stream",
          "scene_key": "following_stream_deeper"
        },
        {
          "text": "Explore the edge of the forest",
          "scene_key": "edge_of_forest"
        }
      ]
    },
    "peaceful_meadow": {
      "text": "As you sit and enjoy the peaceful meadow, a soft breeze carries the scent of wildflowers. The sun begins to set, casting a warm glow over the landscape. You hear the gentle sound of birds chirping in the distance.",
      "scene_summary": "Taking in the beauty of the peaceful meadow as the sun sets.",
      "choices": [
        {
          "text": "Stay and watch the sunset",
          "scene_key": "watching_sunset"
        },
        {
          "text": "Explore further into the meadow",
          "scene_key": "explore_further_in_meadow"
        },
        {
          "text": "Head back towards the small brick building",
          "scene_key": "return_to_small_brick_building"
        }
      ]
    },
    "return_to_small_brick_building": {
      "text": "As you head back towards the small brick building, you notice a hidden trail leading off to the side. Curiosity piqued, you decide to follow it and soon find yourself in a lush forest filled with vibrant flowers and ancient trees. The air is alive with the sound of birds chirping and leaves rustling in the breeze. You feel a sense of peace and wonder wash over you as you continue on the path.",
      "scene_summary": "Exploring the hidden trail in the lush forest.",
      "choices": [
        {
          "text": "Keep following the trail deeper into the forest",
          "scene_key": "deeper_into_the_forest"
        },
        {
          "text": "Turn back and return to the small brick building",
          "scene_key": "return_to_small_brick_building"
        }
      ]
    },
    "deeper_into_the_forest": {
      "text": "As you continue following the trail deeper into the forest, the trees become thicker and the sunlight filters through the leaves, creating a magical glow around you. You come across a small clearing with a pond in the center, surrounded by vibrant flowers and chirping birds. The air is filled with a sweet fragrance and a sense of tranquility washes over you.",
      "scene_summary": "Exploring the enchanting forest clearing with a pond",
      "choices": [
        {
          "text": "Approach the pond and admire the flowers",
          "scene_key": "admire_flowers_by_pond"
        },
        {
          "text": "Continue deeper into the forest",
          "scene_key": "deeper_into_magic_forest"
        },
        {
          "text": "Sit and soak in the peaceful ambiance",
          "scene_key": "sit_and_enjoy_forest_clearing"
        }
      ]
    },
    "admire_flowers_by_pond": {
      "text": "As you approach the pond, you notice the vibrant colors of the flowers surrounding it. The scent of the blooms fills the air, and you feel a sense of peace wash over you. The water in the pond is crystal clear, and you can see small fish swimming lazily through the shallows. Sitting on a nearby rock, you take a moment to soak in the tranquil beauty of the scene.",
      "scene_summary": "Taking in the beauty of the enchanted forest clearing",
      "choices": [
        {
          "text": "Continue exploring the forest",
          "scene_key": "exploring_more_of_the_forest"
        },
        {
          "text": "Pick some of the flowers",
          "scene_key": "picking_flowers_from_pond"
        },
        {
          "text": "Sit by the pond and meditate",
          "scene_key": "meditating_by_pond"
        }
      ]
    },
    "deep_in_the_forest": {
      "text": "As you continue deeper into the woods, you start to notice a faint glow coming from a small clearing ahead. Curiosity piqued, you push through the thick foliage to find a hidden glade bathed in a soft, ethereal light. In the center of the clearing, you see a shimmering pool of water reflecting the light in mesmerizing patterns. The air is filled with the sweet scent of flowers and you feel a sense of peace wash over you.",
      "scene_summary": "Discovering a mystical hidden glade in the heart of the woods.",
      "choices": [
        {
          "text": "Approach the shimmering pool of water",
          "scene_key": "shimmering_pool"
        },
        {
          "text": "Explore the edges of the clearing",
          "scene_key": "edge_of_hidden_glade"
        },
        {
          "text": "Sit and meditate in the tranquil atmosphere",
          "scene_key": "meditating_in_hidden_glade"
        }
      ]
    },
    "rushing_to_village": {
      "text": "As you hurry towards the village before it gets dark, the sky above you begins to transform into a mesmerizing display of colors. Shades of pink, purple, and orange dance across the horizon, casting a warm glow over the landscape. The air is filled with the sound of birds chirping and the gentle rustling of leaves in the breeze.",
      "scene_summary": "The hero is captivated by the enchanting beauty of the sunset as they approach the village.",
      "choices": [
        {
          "text": "Stop and admire the sunset",
          "scene_key": "admiring_sunset"
        },
        {
          "text": "Continue towards the village",
          "scene_key": "arriving_at_village"
        }
      ]
    },
    "arriving_at_village": {
      "text": "As you continue towards the village, you notice the colors of the sky changing from a vibrant orange to a deep purple. The village itself seems to glow in the fading light, casting long shadows across the landscape.",
      "scene_summary": "The hero is captivated by the enchanting beauty of the sunset as they approach the village.",
      "choices": [
        {
          "text": "Stop and admire the sunset",
          "scene_key": "admiring_sunset"
        },
        {
          "text": "Pick up the pace and head towards the village",
          "scene_key": "arriving_at_village"
        },
        {
          "text": "Turn back and head towards the gully",
          "scene_key": "back_to_gully"
        }
      ]
    },
    "glowing_path_into_forest": {
      "text": "As you follow the glowing path deeper into the forest, the air around you seems to shimmer with energy. The trees sway gently in the breeze, their leaves casting dappled patterns of light on the ground. You can hear the faint sound of music in the distance, soft and ethereal. As you continue on, the path leads you to a clearing in the woods, where a beautiful waterfall cascades down into a crystal-clear pool. The water sparkles like diamonds in the sunlight, and you feel a sense of peace wash over you.",
      "scene_summary": "Exploring the magical forest and discovering a serene waterfall",
      "choices": [
        {
          "text": "Approach the waterfall and dip your hand in the pool",
          "scene_key": "dipping_hand_in_pool"
        },
        {
          "text": "Follow the music to its source",
          "scene_key": "following_music"
        },
        {
          "text": "Sit by the edge of the pool and take in the beauty of the surroundings",
          "scene_key": "sitting_by_pool"
        }
      ]
    },
    "approaching_mysterious_figure": {
      "text": "As you approach the figure, you realize it is a being made entirely of light. The figure turns towards you, its eyes glowing with ancient wisdom. It raises a hand in greeting, and you feel a sense of peace wash over you. The being speaks in a gentle, melodic voice, inviting you to sit and listen to its story.",
      "scene_summary": "Meeting a mysterious being made of light in the depths of the cave.",
      "choices": [
        {
          "text": "Sit and listen to the being's story",
          "scene_key": "listening_to_beings_story"
        },
        {
          "text": "Ask the being about the origin of the crystals",
          "scene_key": "asking_about_crystals_origin"
        },
        {
          "text": "Try to communicate with the being through gestures",
          "scene_key": "communicating_with_being"
        }
      ]
    },
    "shimmering_pool": {
      "text": "As you approach the shimmering pool of water, you see a faint glow emanating from its surface. The water is crystal clear, reflecting the surrounding trees and sky in a mesmerizing display of colors. You feel a sense of peace and wonder washing over you as you stand at the edge of the pool.",
      "scene_summary": "Approaching the shimmering pool of water in the mystical hidden glade.",
      "choices": [
        {
          "text": "Dip your hand into the water",
          "scene_key": "dipping_hand_in_water"
        },
        {
          "text": "Sit by the pool and watch the reflections",
          "scene_key": "reflecting_by_the_pool"
        },
        {
          "text": "Continue exploring the glade",
          "scene_key": "exploring_the_mystical_glade"
        }
      ]
    },
    "returning_to_brick_building": {
      "text": "As you make your way back to the small brick building, you notice a faint humming sound coming from inside. Curiosity piqued, you approach the door and gently push it open.",
      "scene_summary": "Returning to the small brick building, discovering a mysterious humming sound.",
      "choices": [
        {
          "text": "Step inside to investigate further",
          "scene_key": "exploring_inside_brick_building"
        },
        {
          "text": "Walk around the building to see if there is another entrance",
          "scene_key": "exploring_around_brick_building"
        }
      ]
    },
    "continue_exploring_stream": {
      "text": "As you continue to follow the stream, you come across a beautiful waterfall cascading down into a crystal clear pool. The sound of the water is soothing and you feel a sense of peace wash over you.",
      "scene_summary": "Exploring the stream further, discovering a breathtaking waterfall and pool.",
      "choices": [
        {
          "text": "Take a closer look at the waterfall",
          "scene_key": "investigating_waterfall"
        },
        {
          "text": "Swim in the pool",
          "scene_key": "swimming_in_crystal_pool"
        },
        {
          "text": "Continue following the stream",
          "scene_key": "continue_following_stream"
        }
      ]
    },
    "ask_about_mysterious_changes": {
      "text": "The Guardian looks at you with a wise expression and nods, motioning for you to follow. As you walk together through the lush landscape, the Guardian begins to tell you about the ancient magic that courses through the land. They speak of hidden powers and mysterious forces that have been dormant for centuries, waiting for the right person to awaken them.",
      "scene_summary": "Revelation of ancient magic in the land",
      "choices": [
        {
          "text": "Listen attentively to the Guardian's stories",
          "scene_key": "listening_to_guardian_stories"
        },
        {
          "text": "Ask the Guardian how you can help awaken the magic",
          "scene_key": "awakening_the_ancient_magic"
        },
        {
          "text": "Express gratitude to the Guardian and continue exploring",
          "scene_key": "continuing_exploration"
        }
      ]
    }
  }
}